{
  "latencies": [],
  "traffic_in": [
    [
      1633809328265,
      85859
    ],
    [
      1633809336233,
      93004
    ],
    [
      1633809336684,
      104710
    ],
    [
      1633809337510,
      104326
    ],
    [
      1633809337930,
      91982
    ]
  ],
  "traffic_out": [
    [
      1633809323702,
      87
    ],
    [
      1633809324020,
      87
    ],
    [
      1633809325178,
      87
    ],
    [
      1633809327481,
      87
    ],
    [
      1633809327827,
      87
    ],
    [
      1633809328168,
      87
    ],
    [
      1633809337033,
      6536
    ],
    [
      1633809337456,
      414
    ],
    [
      1633809337782,
      2404
    ]
  ],
  "avg_latency": null,
  "avg_traffic_in": 95976.2,
  "avg_traffic_out": 1097.3333333333333,
  "max_latency": null,
  "max_traffic_in": 104710,
  "max_traffic_out": 6536,
  "traffic_in_rate": 49.65142265907915,
  "traffic_out_rate": 0.7014204545454545,
  "traffic_in_total": 479881,
  "traffic_out_total": 9876
}